Cost_scaling_factor_global,Update_frequency_global,Publish_frequency_global,Transform_tolerance_global,Combination_method_global,Cost_scaling_factor_local,Inflation_radius_local,Update_frequency_local,Publish_frequency_local,Combination_method_local,Transform_tolerance_local,Path_distance_bias,Goal_distance_bias,Occdist_scale,Stop_time_buffer,yaw_goal_tolerance,xy_goal_tolerance,min_vel_x,DWA_failed,DWA_new_plan,recovery_executed,Error_rotating_goal,RNS,Traveled_distance,Mission_time,Battery_percentage,Mission_success,,
18,7,3,1.46,1,2,8,4,3,1,0.56,0.21,0.8,0.02,0.16,0.2,0.34,0,80,84,2,0,0.8,12.25,82.77,86.99,0,,
13,5,1,0.81,1,20,4,6,2,1,1.34,0.73,1.14,0.05,0.13,0.3,0.13,-0.25,1,6,0,0,1,17.08,101.91,78.99,1,,
19,7,3,0.6,0,18,5,7,4,0,0.69,0.2,1.5,0.03,0.27,0.25,0.34,-0.27,82,86,2,0,0.8,13.32,73.92,88.83,0,,
10,6,1,1.98,1,2,7,6,4,1,0.56,0.75,1.41,0.03,0.28,0.14,0.15,-0.09,82,86,2,0,0.8,12.82,63.16,91.32,0,,
9,4,3,1.82,1,12,2,4,2,0,0.39,0.26,0.7,0.05,0.29,0.11,0.4,-0.13,9,12,5,0,0.6,38.45,479.63,8.95,0,,
1,6,1,0.99,0,4,1,4,1,0,1.65,0.63,0.56,0.03,0.21,0.11,0.31,-0.22,11,176,4,162,1,21.61,166.5,72.33,0,,
16,4,3,1.48,0,8,6,5,4,0,0.27,0.69,1.44,0.04,0.23,0.18,0.33,-0.12,81,85,2,0,0.8,22.45,155.14,70.88,0,,
8,5,4,0.76,0,5,4,6,4,1,1.4,0.27,0.61,0.03,0.28,0.26,0.3,-0.04,85,89,2,0,0.8,12.52,104.63,82.18,0,,
12,5,1,1.59,1,3,5,7,4,1,1.09,0.21,1.46,0.03,0.24,0.16,0.21,-0.2,7,11,2,0,0.8,15.22,110.53,82.84,0,,
13,5,3,1.97,0,5,1,7,4,1,0.29,0.65,1.4,0.02,0.12,0.23,0.37,-0.25,0,5,0,0,1,14.23,45.99,91.51,1,,
9,7,2,1.86,1,19,7,7,1,0,2,0.71,0.8,0.01,0.22,0.28,0.24,-0.07,79,83,2,0,0.8,12.46,58.6,92.31,0,,
4,7,3,0.36,1,18,8,4,3,1,0.29,0.28,0.73,0.05,0.22,0.11,0.23,-0.06,158,161,4,0,0.6,9.62,69.97,92.97,0,,
6,6,3,1.9,1,4,3,6,1,0,1.26,0.76,1.42,0.03,0.27,0.25,0.32,-0.2,1,6,0,0,1,14.59,53.66,89.86,1,,
4,7,2,0.99,1,13,8,6,3,1,0.78,0.53,0.89,0.02,0.13,0.27,0.38,-0.08,88,92,2,0,0.8,12.33,64.24,91.65,0,,
13,4,1,0.9,1,14,9,4,3,1,0.52,0.84,0.59,0.01,0.27,0.15,0.33,-0.08,0,5,0,0,1,14.28,44.28,91.94,1,,
12,5,3,0.71,1,18,4,5,3,1,0.59,0.35,1.43,0.03,0.12,0.22,0.28,-0.07,84,247,7,161,0.8,13.29,133.86,84.68,0,,
12,4,3,1.16,1,18,2,4,2,0,1.26,0.86,1,0.01,0.22,0.3,0.4,-0.16,86,90,2,0,0.8,16.13,101.03,82.84,0,,
3,7,4,1.36,1,17,2,7,3,1,1.23,0.93,0.9,0.05,0.12,0.15,0.25,-0.03,0,5,0,0,1,14.78,56.74,89.91,1,,
17,4,4,0.23,0,19,7,5,3,1,0.8,0.28,1.49,0.02,0.28,0.11,0.26,-0.04,159,162,4,0,0.6,9.54,68.08,93.64,0,,
10,7,3,1.75,1,9,6,4,4,0,1.08,0.53,1.36,0.04,0.17,0.2,0.12,-0.22,0,5,0,0,1,15.69,68.25,86.68,1,,
6,7,3,0.33,0,5,6,7,3,0,0.81,0.31,1.18,0.04,0.11,0.1,0.2,-0.23,0,5,0,0,1,15.57,69.32,86.36,1,,
2,6,2,0.53,1,5,3,7,1,0,1.63,0.71,0.97,0.03,0.24,0.29,0.37,-0.04,86,90,2,0,0.8,12.47,76.6,88.49,0,,
2,4,1,0.36,0,11,10,4,4,0,1.72,0.72,1.15,0.04,0.17,0.11,0.11,-0.04,138,219,8,80,0.4,12.54,157.02,81.52,0,,
14,5,1,1.46,1,14,3,6,2,0,1.12,0.44,0.79,0.02,0.18,0.19,0.31,-0.25,80,84,2,0,0.8,13.17,74.21,88.83,0,,
15,5,2,0.93,0,14,4,6,3,0,1.11,0.11,0.8,0.04,0.18,0.23,0.29,-0.01,79,83,2,0,0.8,11.98,64.25,90.99,0,,
10,4,3,1.72,0,15,4,4,1,0,1.15,0.68,1.04,0.03,0.2,0.3,0.15,-0.26,99,103,2,0,0.8,13.07,84.43,87.32,0,,
9,6,4,1.37,1,18,6,6,3,1,1.76,0.95,0.99,0.01,0.27,0.17,0.2,-0.2,0,5,0,0,1,14.42,49.41,0,0,,
3,4,3,0.66,1,17,1,6,1,0,1.08,0.33,1.43,0.04,0.12,0.26,0.24,-0.21,0,5,0,0,1,14.97,58.77,88.67,1,,
5,6,2,1.82,1,5,4,5,3,1,1.93,0.22,0.82,0.03,0.21,0.27,0.27,-0.28,82,86,2,0,0.8,15.6,101.3,82.84,0,,
11,7,4,1.57,0,6,10,6,2,1,1.34,0.75,0.6,0.02,0.27,0.15,0.32,-0.26,87,91,2,0,0.8,14.25,90.27,85.34,0,,
11,6,1,1.28,1,6,10,4,4,1,1.41,0.23,0.82,0.02,0.23,0.21,0.3,-0.17,84,88,2,0,0.8,17.35,107.45,81.52,0,,
13,4,4,1.2,1,15,6,6,1,0,0.44,0.7,1.22,0.05,0.13,0.19,0.21,-0.16,85,168,4,80,0.8,22.67,176.39,69.89,0,,
1,7,2,1.2,1,16,2,4,4,1,0.76,0.67,1.25,0.04,0.28,0.12,0.1,-0.14,112,115,4,0,0.8,13.61,125.62,81.52,0,,
14,4,2,0.76,1,15,4,7,2,1,1.58,0.99,0.99,0.02,0.13,0.17,0.27,-0.26,1,6,0,0,1,14.64,58.25,88.79,1,,
4,7,3,0.29,1,16,3,7,3,1,1.7,0.53,1.47,0.03,0.28,0.18,0.24,-0.22,84,91,2,3,0.8,13.29,76.35,88.49,0,,
7,5,4,1.31,1,11,10,6,2,1,1.48,0.49,0.98,0.02,0.28,0.17,0.13,-0.23,0,5,0,0,1,14.48,54.55,89.99,1,,
6,5,3,1.07,0,12,4,5,1,1,0.4,0.93,0.87,0.04,0.11,0.17,0.25,-0.21,83,166,4,80,0.8,17.45,145.41,76.53,0,,
12,5,1,0.66,0,19,2,5,2,1,1.79,0.73,0.79,0.04,0.21,0.28,0.31,-0.14,80,84,2,0,0.8,13.06,66.52,90.48,0,,
16,6,3,0.89,1,6,5,7,1,0,1.73,0.17,0.88,0.02,0.14,0.23,0.16,-0.07,80,84,2,0,0.8,11.82,59.06,91.98,0,,
3,4,1,1.27,0,2,7,4,2,1,1.1,0.38,0.79,0.03,0.23,0.26,0.18,-0.27,0,5,0,0,1,15.08,76.05,84.9,1,,
7,5,2,1.53,1,1,10,6,2,0,0.61,0.5,1.05,0.02,0.3,0.14,0.26,-0.12,1,6,0,0,1,14.36,45.76,91.65,1,,
6,5,2,0.23,0,5,6,5,4,0,0.21,0.47,0.86,0.02,0.13,0.21,0.2,-0.04,79,83,2,0,0.8,12.75,59.76,91.98,0,,
13,6,4,0.95,0,4,2,7,1,0,1.25,0.15,0.86,0.05,0.16,0.29,0.36,-0.23,1,6,0,0,1,24.12,134.66,71.72,1,,
17,5,1,0.63,0,19,1,7,4,0,0.85,0.62,1.29,0.03,0.21,0.14,0.15,-0.24,94,97,4,0,0.8,14.11,116.56,84.87,0,,
1,6,4,1.51,0,18,3,6,3,0,1.36,0.63,0.59,0.04,0.29,0.18,0.39,-0.17,5,10,0,0,1,15.9,63.05,87.87,1,,
13,4,3,1.13,0,14,10,5,4,1,1.73,0.36,1.45,0.02,0.29,0.21,0.22,-0.13,82,86,2,0,0.8,13.49,68.87,89.98,0,,
2,5,1,1.71,1,13,6,7,2,0,1.02,0.51,1.46,0.05,0.19,0.27,0.38,-0.08,0,5,0,0,1,14.29,48.41,90.96,1,,
19,5,3,0.81,1,16,10,5,4,1,1.67,0.61,1.32,0.05,0.21,0.29,0.22,-0.17,1,6,0,0,1,21.48,121.5,0,0,,
15,6,3,1.82,0,19,5,4,3,0,1.63,0.59,1.01,0.02,0.16,0.2,0.23,-0.15,0,5,0,0,1,15.11,53.43,89.83,1,,
10,4,1,0.51,1,7,9,7,1,1,0.25,0.66,1.45,0.04,0.21,0.23,0.1,-0.21,1,6,0,0,1,14.51,54.07,89.86,1,,
15,7,2,0.72,1,19,10,7,1,1,0.65,0.87,1.21,0.04,0.21,0.13,0.13,-0.29,0,5,0,0,1,14.69,59.52,88.49,1,,
9,5,3,1.72,0,18,1,6,3,1,1.51,0.78,0.56,0.02,0.22,0.21,0.19,-0.05,81,162,6,79,0.6,9.88,110.03,89.82,0,,
14,7,4,1.15,0,14,5,5,1,1,1.8,0.16,0.59,0.05,0.25,0.17,0.12,-0.27,82,167,6,83,0.6,18.51,221.62,65.74,0,,
14,7,3,1.04,1,6,1,4,2,1,0.27,0.12,1.44,0.02,0.23,0.1,0.32,-0.29,4,9,0,0,1,15.02,54.09,89.82,1,,
16,5,4,1.5,0,10,1,4,3,1,0.47,0.96,1.29,0.04,0.19,0.15,0.34,-0.09,163,166,4,0,0.6,9.69,74.62,92.31,0,,
1,4,4,1.34,0,13,2,7,2,1,1.66,0.34,0.76,0.03,0.17,0.19,0.18,-0.1,0,5,0,0,1,18.61,89.26,81.85,1,,
6,4,2,1.6,1,3,1,4,2,1,1.51,0.69,1.3,0.02,0.25,0.1,0.35,-0.07,0,5,0,0,1,14.28,43.65,91.99,1,,
15,6,2,0.83,0,6,7,6,1,0,1.56,0.77,1.27,0.01,0.23,0.11,0.19,-0.18,96,100,2,0,0.8,17.21,122.3,78.69,0,,
10,5,4,0.57,0,18,2,4,4,1,0.69,0.5,0.62,0.01,0.23,0.18,0.21,-0.04,2,7,0,0,1,14.44,48.23,91.01,1,,
4,7,3,0.92,1,19,2,5,2,1,1.15,0.33,1.26,0.02,0.25,0.13,0.35,-0.21,1,6,0,0,1,14.59,49.59,90.66,1,,
8,6,1,1.8,0,11,9,4,1,0,0.69,0.39,1.49,0.03,0.19,0.2,0.21,-0.16,1,6,0,0,1,15.45,55.55,89.52,1,,
8,5,3,1.4,0,12,9,6,4,1,0.32,0.72,0.82,0.04,0.22,0.15,0.16,-0.07,238,319,8,80,0.4,8.18,107.13,91.65,0,,
5,6,2,0.84,0,12,8,6,2,0,1.26,0.24,1.4,0.03,0.29,0.25,0.14,-0.12,1,6,0,0,1,15.49,61.9,88,1,,
6,5,3,1.55,0,10,8,7,4,1,1.23,0.48,1.23,0.05,0.22,0.2,0.14,-0.09,82,86,2,0,0.8,12.2,61.36,91.65,0,,
20,5,3,0.86,0,18,3,7,1,1,1.25,0.63,1.22,0.03,0.2,0.25,0.34,-0.21,1,6,0,0,1,15.44,60.95,88.16,1,,
15,7,3,0.34,0,12,7,4,3,1,0.81,0.63,0.55,0.04,0.13,0.21,0.13,-0.11,243,322,10,79,0.2,11.33,190.74,78.36,0,,
12,7,2,0.95,1,16,3,4,4,0,1.82,0.68,0.8,0.04,0.14,0.22,0.28,-0.12,82,86,2,0,0.8,51.35,399.22,16.56,0,,
14,4,4,0.46,1,17,8,6,4,1,1.02,0.81,0.77,0.02,0.2,0.12,0.35,-0.07,0,5,0,0,1,14.3,46.2,91.55,1,,
12,6,4,0.22,1,5,9,5,3,1,0.22,0.68,0.8,0.05,0.26,0.23,0.11,-0.26,84,87,4,0,0.6,15.03,153.3,0,0,,
14,6,1,1.32,0,14,10,5,2,1,0.58,0.19,1.38,0.04,0.29,0.18,0.22,-0.3,7,12,0,0,1,16.63,85.83,82.87,1,,
18,6,4,1.96,0,4,8,6,3,1,1.75,0.42,0.69,0.03,0.26,0.25,0.35,-0.14,1,4,4,0,0.6,88.45,706.88,8.96,0,,
10,7,1,1.89,1,1,1,5,2,0,0.64,0.4,1.1,0.03,0.28,0.17,0.29,-0.15,7,12,0,0,1,14.48,53.63,90,1,,
17,4,3,1.49,0,14,10,7,1,1,1.24,0.48,1.37,0.04,0.26,0.2,0.12,-0.12,167,170,4,0,0.6,11.2,85.27,89.98,0,,
6,7,2,1.41,0,14,10,4,3,0,1.11,0.33,1.34,0.05,0.23,0.21,0.2,-0.15,3,8,0,0,1,15.3,55.87,89.78,1,,
10,7,3,1.26,0,7,1,6,3,1,1.62,0.98,0.95,0.02,0.27,0.24,0.16,-0.06,0,5,0,0,1,14.47,51.2,90.33,1,,
20,6,1,1.32,0,9,8,5,1,0,0.97,0.56,0.79,0.03,0.15,0.17,0.38,-0.15,1,6,0,0,1,35.32,215.41,53.78,1,,
13,6,4,0.74,1,9,8,4,2,1,0.36,0.22,1.47,0.02,0.15,0.11,0.14,-0.03,0,5,0,0,1,14.48,44.74,91.84,1,,
13,7,4,0.35,1,2,3,4,1,1,1.06,0.86,1.37,0.04,0.15,0.25,0.15,-0.08,6,7,8,0,0.2,17.97,238.06,67.89,0,,
8,5,2,1.83,0,20,6,4,2,1,1.33,0.61,1.23,0.04,0.18,0.16,0.37,-0.18,1,6,0,0,1,15.2,56.71,89.18,1,,
5,7,3,1.31,0,12,7,6,4,1,0.81,0.79,0.9,0.05,0.18,0.28,0.16,-0.24,161,164,4,0,0.8,15.04,115.26,83.51,0,,
18,4,1,1.02,1,13,5,7,1,0,1.77,0.49,0.67,0.02,0.22,0.13,0.4,-0.26,80,84,2,0,0.8,13.6,83.71,86.66,0,,
1,7,2,1,0,8,10,4,1,0,1.79,0.56,1.46,0.02,0.13,0.18,0.25,-0.01,80,84,2,0,0.8,11.83,58.1,92.31,0,,
17,5,1,0.36,0,11,6,7,4,0,0.81,0.35,0.95,0.01,0.12,0.16,0.11,-0.25,0,5,0,0,1,14.48,55.22,89.98,1,,
4,5,3,1.3,1,16,2,6,2,0,0.7,0.61,0.87,0.02,0.22,0.16,0.29,-0.13,85,89,2,0,0.8,14.94,104.99,81.98,0,,
12,6,1,1.69,0,10,9,6,3,0,0.84,0.8,0.72,0.02,0.19,0.1,0.27,-0.07,80,242,6,160,0.8,12.6,97.48,90.98,0,,
8,6,3,0.27,0,4,3,6,1,0,1.74,0.21,0.58,0.05,0.13,0.21,0.26,-0.16,6,8,6,0,0.4,110.29,1046.69,8.96,0,,
14,7,1,1.8,0,13,6,5,1,1,1.72,0.57,1.3,0.02,0.27,0.15,0.36,-0.26,162,166,4,1,0.8,13.06,97.67,86.99,0,,
9,6,1,1.58,1,1,7,4,4,0,0.34,0.76,0.88,0.04,0.1,0.11,0.23,-0.19,82,86,2,0,0.8,13.04,87.51,85.83,0,,
20,5,4,1.13,1,13,2,4,4,0,1.16,0.12,1.27,0.04,0.24,0.26,0.34,-0.09,0,5,0,0,1,14.49,47.19,91.4,1,,
12,7,4,1.23,1,19,8,6,3,1,1.31,0.29,0.86,0.02,0.1,0.22,0.27,-0.13,81,85,2,0,0.8,13.4,66.37,90.48,0,,
16,7,3,0.3,0,16,8,4,4,1,1.99,0.85,0.63,0.04,0.18,0.24,0.27,-0.17,85,168,4,80,0.8,18.12,130.18,79.85,0,,
5,6,1,0.59,0,2,2,6,3,0,0.65,0.29,1.29,0.03,0.29,0.22,0.31,-0.2,0,5,0,0,1,14.3,48.66,90.99,1,,
10,5,4,0.88,0,4,6,7,1,0,1.92,0.73,1.28,0.03,0.17,0.15,0.36,-0.05,0,5,0,0,1,14.27,42.88,92.16,1,,
4,7,2,1.52,0,18,9,7,2,1,1.12,0.27,1,0.03,0.17,0.15,0.37,-0.22,2,7,0,0,1,14.89,54.01,89.79,1,,
20,5,2,0.29,1,17,6,5,1,0,0.84,0.12,1,0.02,0.1,0.15,0.11,-0.13,4,9,0,0,1,37.98,586.37,8.96,1,,
12,7,2,1.45,1,16,3,6,1,0,1.12,0.65,0.73,0.03,0.14,0.28,0.17,-0.26,8,12,3,0,0.8,18.74,239.56,54.77,0,,
4,7,2,0.42,0,18,9,7,4,0,1.81,0.57,0.91,0.04,0.19,0.19,0.17,-0.27,88,91,4,0,0.8,12.23,102.77,87.83,0,,
16,6,2,1.03,0,9,7,5,3,0,1.74,0.9,0.61,0.03,0.24,0.29,0.18,-0.1,4,6,6,0,0.4,45.34,1278.96,0,0,,
8,6,1,0.73,0.04,0,1,7,4,4,1,0.61,0.05,0.55,1.07,0.04,0.1,0.11,0.35,-0.13,85,88,4,0,0.6,12.09,86.97,91.87,0
20,7,1,1.76,0.04,0,10,6,7,4,0,1.76,0.04,0.89,0.6,0.01,0.26,0.22,0.28,-0.3,0,5,0,0,1,14.38,62.05,87.83,1
8,6,1,1.46,0.04,1,18,8,4,2,1,1.55,0.01,0.4,0.64,0.05,0.23,0.13,0.16,-0.09,317,318,8,0,0.2,6.43,121.23,88.49,0
7,5,1,0.84,0.01,0,4,5,4,1,1,1.97,0.02,0.67,0.96,0.02,0.19,0.25,0.26,-0.07,90,94,2,0,0.8,12.67,62.7,91.65,0
6,5,3,1.41,0.02,1,12,10,5,1,1,1.57,0.03,0.67,0.73,0.02,0.23,0.24,0.26,-0.14,87,169,4,79,0.8,34.61,177.24,69.56,0
19,6,3,1.86,0.04,0,13,6,4,3,0,0.54,0.03,0.86,0.54,0.05,0.19,0.17,0.26,-0.28,84,248,6,162,0.8,14.23,128.63,83.84,0
2,6,3,1.53,0.03,1,4,5,4,2,1,0.34,0.01,0.13,1.08,0.03,0.22,0.17,0.21,-0.01,4,9,0,0,1,14.52,54.24,89.89,1
2,5,2,1.12,0.05,0,13,8,5,3,1,1.5,0.03,0.5,1.3,0.03,0.22,0.18,0.32,-0.15,29,34,0,0,1,17.91,89.39,82.98,1
16,7,1,1.11,0.04,0,5,1,5,1,1,1.91,0.02,0.28,0.9,0.03,0.27,0.21,0.12,-0.13,239,241,6,0,0.6,10.95,119.7,85.67,0
8,7,2,0.6,0.05,1,13,8,7,2,0,1.82,0.03,0.25,0.99,0.04,0.24,0.16,0.36,-0.24,162,165,4,0,0.6,9.63,76.85,91.65,0
6,5,1,1.89,0.01,1,3,3,5,1,1,0.43,0.04,0.49,1.13,0.03,0.24,0.16,0.39,-0.21,0,5,0,0,1,14.22,46.4,91.52,1
4,4,3,0.38,0.03,0,7,1,6,2,1,1.16,0.02,0.86,1.17,0.01,0.13,0.14,0.11,-0.25,88,91,4,0,0.8,13.35,104.63,87.83,0
15,4,3,0.9,0.01,1,15,3,6,2,1,1.71,0.02,0.61,1.13,0.03,0.3,0.14,0.14,-0.14,0,5,0,0,1,15.97,66.37,86.88,1
1,5,4,1.51,0.04,1,4,6,4,2,1,1.94,0.03,0.74,1.1,0.05,0.18,0.16,0.18,-0.05,397,397,10,0,0.2,5.43,162.49,82.84,0
19,6,4,0.32,0.03,1,3,1,4,4,0,0.6,0.03,0.46,1.32,0.04,0.13,0.16,0.39,-0.05,5,9,3,0,0.8,16.11,166.9,71.91,0
13,5,1,1.2,0.04,0,3,7,5,4,1,0.33,0.05,0.64,1.01,0.01,0.2,0.27,0.22,-0.29,115,119,2,0,0.8,14.16,88.36,86.99,0
5,5,3,1.92,0.02,1,17,6,4,2,0,1.32,0.01,0.62,1.35,0.02,0.2,0.17,0.4,-0.3,3,8,0,0,1,15.11,63.22,87.95,1
2,4,1,1.46,0.03,1,10,7,4,4,0,0.78,0.05,0.77,1.15,0.05,0.19,0.28,0.26,-0.25,83,87,2,0,0.8,16.36,101.12,82.84,0
6,6,1,0.35,0.01,0,14,4,6,3,0,1.68,0.02,0.32,1.45,0.03,0.19,0.19,0.11,-0.06,8,12,3,0,1,18.18,235.65,57.59,0
8,5,3,0.47,0.04,0,10,8,7,2,1,0.84,0.05,0.85,0.76,0.04,0.26,0.21,0.19,-0.16,84,167,4,80,0.8,19.91,162.14,72.71,0
7,5,1,1.97,0.04,0,8,1,7,1,1,1.76,0.01,0.33,1.06,0.03,0.19,0.15,0.11,-0.15,0,5,0,0,1,15.72,59.71,88.52,1
11,5,3,1.18,0.05,0,3,6,5,1,0,0.25,0.05,0.66,1.26,0.03,0.2,0.25,0.29,-0.04,79,83,2,0,0.8,12.13,59.14,91.98,0
12,4,4,1.88,0.01,0,4,6,7,2,1,1.99,0.03,0.56,0.7,0.04,0.28,0.29,0.39,-0.16,177,179,6,0,0.4,13.39,147.26,79.69,0
14,7,1,1.98,0.05,1,20,9,7,1,0,1.36,0.04,0.16,0.64,0.04,0.15,0.29,0.11,-0.28,162,165,4,0,0.6,10.26,78.2,91.65,0
18,7,3,0.55,0.01,0,10,3,4,4,1,0.75,0.03,0.35,0.55,0.04,0.16,0.12,0.33,-0.22,164,246,6,80,0.6,17.33,170.23,74.7,0
14,5,1,1.52,0.04,1,4,4,4,1,0,0.25,0.03,0.95,1.38,0.01,0.18,0.13,0.33,-0.24,0,5,0,0,1,14.26,45.36,91.62,1
15,7,4,1.74,0.04,1,18,1,6,1,1,1.52,0.05,0.39,1.46,0.03,0.12,0.18,0.3,-0.08,87,91,2,0,0.8,12.07,65.79,90.99,0
9,6,3,0.53,0.05,1,11,6,6,4,1,1.19,0.04,0.26,0.55,0.02,0.26,0.21,0.13,-0.25,84,88,2,0,0.8,14.22,88.46,85.67,0
13,4,1,1.27,0.02,1,2,10,7,1,1,1.85,0.05,0.32,0.53,0.03,0.17,0.13,0.33,-0.27,245,247,6,0,0.6,11.36,114.46,86.99,0
4,5,3,1.35,0.03,1,2,4,4,1,0,1.35,0.02,0.74,0.6,0.04,0.27,0.18,0.33,-0.29,0,3,4,0,0.6,17.23,261.17,53.6,0
18,6,4,1.88,0.05,1,9,5,4,2,1,0.92,0.02,0.37,1.47,0.04,0.19,0.28,0.21,-0.24,5,10,0,0,1,14.71,58.13,89,1
9,6,3,1.4,0.04,0,14,1,6,2,0,1.7,0.03,0.88,0.6,0.03,0.23,0.14,0.16,-0.29,5,10,0,0,1,15.69,81.17,83.95,1
5,4,3,1.44,0.03,0,7,4,4,1,1,0.24,0.04,0.45,1.07,0.04,0.16,0.25,0.23,-0.02,80,84,2,0,0.8,11.92,68.52,89.82,0
6,5,2,1.72,0.05,0,3,4,5,1,1,1.09,0.02,0.51,1.32,0.01,0.15,0.16,0.36,-0.28,82,86,2,0,0.8,12.24,58.62,92.31,0
12,4,3,1.17,0.02,1,16,10,6,1,1,1.05,0.03,0.46,0.64,0.03,0.21,0.29,0.22,-0.22,83,87,2,0,0.8,14.21,93.65,84.68,0
9,6,1,0.27,0.03,0,11,8,7,1,0,1.48,0.04,0.85,0.92,0.05,0.13,0.18,0.28,-0.12,83,166,4,80,0.8,17.15,128.6,80.35,0
6,5,1,1.61,0.03,1,19,7,7,4,1,1.89,0.04,0.84,1.05,0.02,0.13,0.18,0.36,-0.09,81,85,2,0,0.8,11.87,58.98,92.31,0
19,6,4,1.35,0.04,0,17,6,7,2,1,1.48,0.05,0.88,0.5,0.03,0.21,0.29,0.19,-0.27,86,90,2,0,0.8,14.86,97.96,83.51,0
20,6,1,0.27,0.03,0,15,9,5,3,1,1.93,0.02,0.85,1.02,0.02,0.2,0.24,0.1,-0.03,161,164,4,0,0.8,11.79,87.19,89.82,0
2,6,2,1.74,0.03,1,3,6,5,2,0,0.61,0.01,0.98,1.1,0.03,0.29,0.13,0.25,-0.09,83,87,2,0,0.8,12.58,63.83,91,0
20,5,2,1.02,0.04,1,15,1,4,2,0,0.8,0.04,0.76,0.61,0.03,0.2,0.28,0.36,-0.2,0,5,0,0,1,19.81,89.08,81.88,1
11,7,3,0.37,0.01,0,18,8,6,1,1,0.41,0.04,0.25,1.16,0.03,0.1,0.28,0.3,-0.29,85,89,2,0,0.8,13.28,84.61,86.66,0
7,4,4,0.8,0.03,1,16,1,5,3,0,0.21,0.04,0.37,0.85,0.04,0.13,0.25,0.31,-0.13,238,240,6,0,0.4,14.36,139.24,81.52,0
11,4,2,1.6,0.03,1,9,9,7,2,0,1.98,0.03,0.92,1.14,0.04,0.23,0.3,0.31,-0.14,82,86,2,0,0.8,17.84,111.11,80.68,0
16,7,2,1.22,0.03,1,2,3,6,3,1,1.22,0.02,0.75,0.73,0.01,0.28,0.17,0.22,-0.3,80,84,2,0,0.8,12.27,70.88,89.82,0
16,6,4,0.99,0.03,1,17,4,7,1,1,0.44,0.05,0.87,0.59,0.02,0.25,0.19,0.3,-0.12,81,164,4,80,0.8,40.39,338.4,33.86,0
3,6,2,0.95,0.05,1,5,7,4,3,1,1.25,0.03,0.24,1.18,0.01,0.2,0.24,0.32,-0.28,0,5,0,0,1,14.28,45.01,91.65,1
16,5,1,0.72,0.02,1,4,7,4,4,1,1.46,0.05,0.66,1.38,0.03,0.24,0.3,0.16,-0.23,83,87,2,0,0.8,14.23,80.81,87.32,0
6,7,2,1.54,0.02,1,13,4,7,1,0,1.34,0.04,0.99,1.42,0.04,0.25,0.21,0.17,-0.06,80,84,2,0,0.8,11.9,59.76,91.98,0
9,6,2,1.29,0.05,1,2,3,7,4,0,1.81,0.03,0.5,0.79,0.01,0.11,0.1,0.23,-0.18,88,170,4,79,0.8,13.91,93.44,88.49,0
15,7,2,1.43,0.02,0,11,5,5,2,1,1.58,0.02,0.11,1.16,0.01,0.19,0.24,0.24,-0.11,0,5,0,0,1,14.38,44.76,91.84,1
4,7,4,0.36,0.03,0,18,7,5,3,1,0.75,0.02,0.23,0.63,0.02,0.21,0.22,0.12,-0.27,0,5,0,0,1,14.51,55.47,89.58,1
18,4,3,1.31,0.02,0,5,2,5,4,1,1.31,0.03,0.2,0.52,0.04,0.26,0.29,0.33,-0.07,1,6,0,0,1,21.51,221.77,52.67,1
2,5,3,0.31,0.03,0,8,3,5,4,0,0.61,0.02,0.19,0.58,0.04,0.14,0.27,0.32,-0.25,0,5,0,0,1,15.3,62.08,87.83,1
16,4,4,0.97,0.02,1,8,8,4,2,1,1.07,0.04,0.39,1.29,0.05,0.22,0.28,0.12,-0.23,89,93,2,0,0.8,15.2,90.19,85.67,0
13,6,1,0.99,0.03,0,4,4,7,4,0,1.56,0.02,0.69,0.59,0.04,0.22,0.17,0.37,-0.04,89,171,9,80,0.6,21.9,444.32,21.47,0
12,7,2,0.72,0.05,0,1,10,6,2,1,0.49,0.04,0.88,1.15,0.04,0.18,0.15,0.28,-0.26,84,88,2,0,0.8,13.69,87.08,85.97,0
10,6,1,0.4,0.03,1,11,9,6,2,1,0.6,0.05,0.61,1.31,0.03,0.13,0.22,0.23,-0.21,82,86,2,0,0.8,13.09,71.32,89.82,0
12,7,2,0.77,0.02,0,14,2,5,2,0,0.65,0.02,0.85,0.8,0.05,0.15,0.15,0.28,-0.01,1,6,0,0,1,14.55,68.3,86.69,1
12,5,4,1.16,0.01,1,2,7,6,2,0,0.35,0.03,0.97,0.7,0.02,0.18,0.1,0.36,-0.14,82,87,2,1,0.8,12.92,70.91,89.82,0
9,5,2,1.07,0.02,1,5,6,7,3,0,0.72,0.05,0.36,0.58,0.03,0.15,0.27,0.18,-0.19,239,323,8,83,0.4,11.42,151.22,81.98,0
14,4,4,1.72,0.02,1,12,5,5,4,0,1.58,0.05,0.23,1.05,0.01,0.26,0.18,0.35,-0.25,81,85,2,0,0.8,12.51,61.2,91.65,0
5,5,1,0.75,0.01,1,2,9,4,4,0,1.45,0.02,0.89,1.15,0.02,0.24,0.21,0.4,-0.03,82,86,2,0,0.8,12.23,56.6,92.97,0
9,4,1,1.33,0.02,1,18,8,6,4,1,0.73,0.05,0.55,1.41,0.03,0.12,0.25,0.32,-0.1,84,88,2,0,0.8,17.25,106.04,81.85,0
20,4,4,0.36,0.02,0,12,3,4,2,0,1.42,0.03,0.58,0.8,0.04,0.12,0.28,0.2,-0.15,81,89,2,4,0.8,19.15,124.96,77.86,0
1,4,2,1.81,0.04,1,3,3,5,3,1,1.62,0.03,0.26,0.57,0.03,0.19,0.18,0.35,-0.2,5,10,0,0,1,20.79,110.45,77.56,1
9,5,1,1.95,0.03,1,17,8,4,2,0,1.47,0.04,0.35,0.58,0.02,0.25,0.26,0.2,-0.2,83,87,2,0,0.8,13.65,74.87,88.83,0
11,7,1,1.38,0.03,1,11,9,5,4,0,0.99,0.02,0.74,0.81,0.05,0.22,0.26,0.16,-0.07,162,164,6,0,0.4,7.98,113.67,88.83,0
9,4,1,1.51,0.04,0,1,3,6,2,1,1.11,0.05,0.22,1.27,0.03,0.25,0.16,0.17,-0.17,88,91,4,0,0.8,12.75,111.08,85.83,0
6,7,1,0.57,0.04,0,3,7,5,3,0,1.58,0.03,0.81,0.78,0.04,0.26,0.28,0.13,0,9,9,10,0,0,14.24,289.9,0,0
20,7,3,0.48,0.02,0,1,9,4,2,1,0.92,0.03,0.15,0.55,0.03,0.11,0.18,0.14,-0.04,90,93,7,0,0.6,18.1,331.95,43.79,0
18,4,1,0.92,0.02,0,11,5,4,2,0,1.92,0.05,0.99,0.79,0.04,0.28,0.16,0.37,-0.11,83,87,2,0,0.8,22.23,170.46,67.72,0
2,4,1,1.42,0.01,0,4,2,7,2,0,1.63,0.02,0.47,1.01,0.05,0.22,0.28,0.16,-0.04,79,83,2,0,0.8,11.86,69.6,89.82,0
12,5,2,0.41,0.04,1,11,9,7,4,1,0.35,0.02,0.77,0.8,0.02,0.26,0.16,0.24,-0.16,0,5,0,0,1,14.68,56.54,89.29,1
15,5,2,1.43,0.05,1,14,2,6,2,1,1.67,0.03,0.93,1.32,0.02,0.19,0.3,0.21,-0.16,82,86,2,0,0.8,14.04,81.24,87.32,0
4,5,2,0.91,0.03,0,19,9,6,2,1,0.59,0.02,0.77,0.56,0.02,0.22,0.18,0.35,-0.1,0,5,0,0,1,15.98,60.52,88.44,1
8,5,4,1.99,0.01,0,15,6,7,1,0,0.54,0.05,0.61,0.9,0.04,0.16,0.22,0.2,-0.22,161,164,4,0,0.8,13.64,100.05,86.66,0
12,6,3,1.64,0.02,1,12,3,6,4,0,0.97,0.04,0.9,0.74,0.02,0.13,0.16,0.12,-0.17,0,5,0,0,1,17.68,77.49,84.51,1
12,6,3,1.42,0.04,0,1,1,6,4,1,1.55,0.04,0.38,0.82,0.02,0.18,0.1,0.26,-0.2,81,85,2,0,0.8,15.36,108.61,80.98,0
8,4,3,1.73,0.05,0,5,9,6,1,0,0.9,0.01,0.74,1.4,0.02,0.15,0.17,0.25,-0.02,84,88,2,0,0.8,12.49,59.98,91.98,0
9,7,1,0.71,0.04,0,14,5,7,4,0,1.2,0.05,0.91,1.06,0.04,0.18,0.27,0.23,-0.13,83,87,2,0,0.8,18.79,121.09,78.36,0
17,5,4,0.28,0.02,0,16,6,6,3,0,1.26,0.02,0.63,1.43,0.04,0.27,0.16,0.21,-0.27,10,15,4,2,0.8,16.24,126.19,84.68,0
20,6,2,0.71,0.03,1,19,4,4,2,0,1.75,0.04,0.84,1.01,0.05,0.27,0.25,0.27,-0.21,8,13,0,0,1,15.62,64.91,87.68,1
13,4,3,0.71,0.05,1,17,9,6,1,1,1.79,0.02,0.62,0.56,0.05,0.22,0.22,0.14,-0.02,159,161,6,0,0.6,9.24,101.67,91.65,0
5,5,1,1.96,0.02,1,2,3,7,2,1,0.5,0.03,0.66,1.19,0.02,0.24,0.22,0.19,-0.2,84,88,2,0,0.8,13.84,76.92,88.49,0
1,5,1,1.62,0.03,1,4,10,6,4,1,0.27,0.02,0.86,0.55,0.05,0.21,0.21,0.1,-0.27,0,5,0,0,1,32.82,249.59,46.44,1
18,6,3,0.66,0.03,1,13,2,7,2,1,0.4,0.02,0.11,0.8,0.03,0.24,0.12,0.32,-0.21,86,90,2,0,0.8,13.62,79.22,87.83,0
13,4,2,1.66,0.03,0,16,5,7,2,1,1.17,0.05,0.73,1.03,0.02,0.23,0.21,0.27,-0.24,158,162,2,0,0.8,14.31,95.28,86.99,0
8,7,4,0.22,0.04,1,5,4,7,1,1,1.61,0.05,0.23,0.89,0.02,0.22,0.17,0.36,0,83,87,2,0,0.8,12.25,58.25,92.31,0
9,5,1,1.06,0.03,0,3,2,4,2,0,1.12,0.02,0.15,1.04,0.01,0.16,0.17,0.11,-0.11,81,85,2,0,0.8,13.46,66.25,90.48,0
20,4,3,0.51,0.05,0,16,8,6,4,1,0.33,0.04,0.79,0.95,0.03,0.19,0.27,0.24,-0.25,0,5,0,0,1,14.67,55.12,89.56,1
7,6,1,1.08,0.04,0,6,4,6,2,0,0.25,0.02,0.91,1.23,0.02,0.2,0.12,0.25,-0.1,0,5,0,0,1,14.35,45.14,91.65,1
16,4,2,1.61,0.01,1,12,6,6,2,1,1.25,0.05,0.26,0.89,0.02,0.23,0.24,0.19,-0.27,80,84,2,0,0.8,12.92,74.97,88.49,0
20,5,4,1.82,0.01,0,7,6,4,1,1,1.05,0.03,0.97,0.59,0.03,0.23,0.23,0.3,-0.19,0,5,0,0,1,20.13,106.45,77.99,1
3,5,1,1.94,0.03,0,4,2,5,1,0,1.32,0.02,0.79,0.78,0.03,0.2,0.2,0.17,-0.14,2,8,0,1,1,23.62,130.43,72.89,1
16,5,4,0.29,0.02,1,6,8,5,3,1,0.91,0.05,0.34,0.63,0.03,0.28,0.21,0.34,-0.28,4,9,0,0,1,16.28,80.5,0,0
5,4,4,0.89,0.05,1,11,2,4,1,0,0.88,0.02,0.72,0.71,0.03,0.19,0.1,0.3,-0.22,0,5,0,0,1,15.17,65.32,87.26,1
4,4,1,1.52,0.02,1,6,3,6,4,1,1.47,0.01,0.82,1.27,0.02,0.14,0.26,0.18,-0.17,81,85,2,0,0.8,12.75,63.65,90.99,0
13,7,3,1.03,0.02,0,5,9,5,4,1,1.45,0.03,0.39,0.61,0.03,0.2,0.29,0.3,-0.1,7,11,6,0,0.8,82.28,849.25,8.96,0
13,5,4,0.85,0.03,1,9,3,7,3,1,0.42,0.04,0.28,1.42,0.03,0.13,0.15,0.36,-0.25,0,5,0,0,1,14.25,48.1,90.99,1
35,15,6,2.2,0.09,0,21,11,10,8,0,2.93,0.06,1.5,2.18,0.22,0.49,0.4,0.64,-0.05,82,86,2,0,0.8,14.61,138.38,77.64,0
35,8,7,2.67,0.1,1,37,12,11,6,1,2.08,0.09,1.22,1.93,0.43,0.54,0.47,0.68,-0.01,86,90,2,0,0.2,19.67,92.72,86.66,0
39,9,7,3,0.07,1,22,18,15,9,1,3.01,0.1,1.16,1.65,0.29,0.69,0.52,0.61,-0.2,80,84,2,0,0.6,16.07,108.72,82.98,0
39,15,5,3.2,0.08,1,29,19,9,7,1,2.34,0.07,1.58,2.31,0.17,0.56,0.41,0.77,-0.01,54,58,2,0,0,11.78,68.25,91.32,0
34,11,7,2.96,0.09,1,33,19,12,5,1,3.07,0.07,1.45,2.45,0.49,0.57,0.61,0.67,-0.26,81,85,2,0,0.2,23.57,137.1,0,0
26,14,5,3.13,0.07,0,40,12,12,9,1,2.29,0.08,1.26,1.89,0.32,0.63,0.7,0.6,-0.16,101,105,2,0,0.8,22.08,151.64,0,0
34,12,9,2.32,0.08,0,30,11,8,7,0,3,0.07,1.86,2.03,0.07,0.69,0.46,0.69,-0.25,104,108,2,0,0.4,18.28,112.46,83.51,0
39,13,5,3.04,0.09,1,34,11,12,6,0,2.26,0.1,2.09,1.87,0.25,0.61,0.47,0.73,-0.37,83,86,5,0,0.2,22.98,238.06,0,0
26,15,6,2.29,0.09,0,29,14,14,5,0,2.51,0.08,1.87,1.81,0.15,0.49,0.68,0.54,-0.37,47,51,2,0,0.8,368.69,1182.52,8.95,0
32,12,5,2.81,0.07,1,31,11,15,9,1,3,0.09,1.16,2.39,0.14,0.57,0.45,0.53,-0.15,162,165,4,0,0.6,14.33,109.68,86.66,0
24,13,5,2.92,0.08,1,40,16,9,9,1,2.15,0.08,1.17,1.64,0.95,0.52,0.66,0.51,-0.06,87,91,2,0,0.8,14.92,100.7,84.97,0
29,9,8,2.36,0.09,0,29,19,8,8,0,2.8,0.09,1.19,2.25,0.11,0.66,0.58,0.75,-0.24,8,92,2,80,0,32.87,171.48,70.88,0
32,11,9,3.09,0.09,0,30,18,12,7,0,3.07,0.07,1.12,1.75,0.82,0.6,0.58,0.68,-0.11,129,133,2,0,0.4,153.82,1068.03,0,0
36,11,8,2.06,0.1,1,30,14,10,6,1,2.18,0.06,1.87,2.21,0.51,0.43,0.6,0.63,-0.06,2,6,2,0,0.8,12.9,91.98,87.83,0
21,14,8,3.16,0.08,1,29,11,14,9,1,2.14,0.09,1.2,2.05,0.65,0.68,0.6,0.61,-0.06,89,93,2,0,0.6,12.11,97.25,86.66,0
24,15,8,2.06,0.08,0,29,20,10,7,1,2.23,0.07,1.25,2.38,0.52,0.44,0.69,0.72,-0.44,86,90,2,0,0.4,38.34,128.53,79.69,0
29,14,7,2.93,0.06,0,36,12,11,6,0,3.05,0.06,1.17,2.32,0.69,0.56,0.42,0.77,-0.03,81,85,2,0,0,12.21,76.19,89.82,0
28,15,9,2.87,0.09,1,39,14,9,5,0,3.01,0.08,1.2,2.43,0.46,0.52,0.7,0.71,-0.35,79,83,2,0,0,12.94,60.15,92.97,0
33,13,8,3,0.08,1,30,13,14,8,1,2.19,0.08,1.81,1.84,0.56,0.61,0.49,0.75,-0.29,87,89,6,0,0,15.17,154.91,80.88,0
33,8,6,2.71,0.07,0,32,15,9,7,1,2.17,0.07,1.04,1.83,0.73,0.52,0.41,0.53,-0.19,95,98,4,0,0.6,16.6,130.64,83.84,0
31,12,6,2.6,0.06,1,38,17,14,7,1,2.21,0.07,1.87,1.67,0.86,0.58,0.65,0.78,-0.23,319,320,8,0,0,7.9,122.53,90.48,0
39,13,6,2.47,0.08,1,28,18,10,8,0,2.37,0.08,1.83,2.27,0.63,0.52,0.54,0.58,-0.2,242,244,6,0,0.4,12.41,125.14,86.66,0
21,12,7,2.78,0.08,1,23,17,12,5,1,2.57,0.09,1.34,1.91,0.4,0.49,0.44,0.61,-0.21,199,360,10,161,0.4,43.82,398.86,39.66,0
25,14,8,2.3,0.07,1,40,19,12,8,0,2.39,0.09,1.45,1.86,0.9,0.68,0.62,0.54,-0.33,80,84,2,0,0.8,22.7,92.7,86.66,0
26,12,9,2.31,0.1,1,36,15,15,9,1,2.21,0.1,1.89,1.88,0.42,0.5,0.6,0.52,-0.06,83,87,2,0,0.8,14.19,90.78,86.99,0
35,11,6,2.58,0.07,0,38,12,8,6,0,2.16,0.08,1.09,2.13,0.17,0.47,0.65,0.76,-0.07,5,9,2,0,0,11.47,72.47,91.98,0
35,11,5,2.42,0.08,1,33,12,8,5,1,2.08,0.08,1.48,2.09,0.45,0.53,0.4,0.62,-0.36,162,165,4,0,0.6,11.41,78.82,92.97,0
32,15,5,2.93,0.07,0,22,12,9,5,1,2.91,0.08,1.44,2.11,0.15,0.41,0.61,0.67,-0.25,79,83,2,0,0.6,15.15,90.24,86.99,0
31,12,7,2.81,0.09,1,32,11,15,8,1,2.62,0.09,1.66,2.37,0.16,0.49,0.44,0.57,-0.31,80,84,2,0,0.8,12.86,59.77,92.97,0
37,12,8,3.07,0.06,1,39,15,14,7,0,2.76,0.06,1.48,1.89,0.31,0.61,0.62,0.56,-0.15,0,5,0,0,1,26.25,156.48,69.89,1
22,15,5,2.7,0.08,0,30,18,11,6,0,2.86,0.07,1.99,2,0.44,0.69,0.49,0.61,-0.27,111,112,8,0,0.2,104.31,520.5,14.74,0
22,11,8,2.38,0.08,1,21,13,9,6,0,2.68,0.07,1.62,2.33,0.17,0.46,0.67,0.78,-0.42,101,105,2,0,0,77.75,1464.16,0,0
38,14,5,2.6,0.07,0,38,16,13,5,1,3.18,0.07,1.81,2.1,0.33,0.55,0.51,0.62,-0.35,3,4,8,0,0.4,17.79,167.21,86.66,0
22,8,5,2.29,0.08,1,21,14,8,9,0,2.34,0.08,1.7,2.31,0.19,0.56,0.52,0.5,-0.19,84,87,4,0,0.6,16.61,136.23,82.84,0
24,13,9,2.11,0.08,0,38,11,12,9,0,2.81,0.1,1.22,2,0.19,0.52,0.56,0.69,-0.13,80,84,2,0,0.6,13.57,80.4,88.83,0
36,15,8,2,0.09,0,31,15,13,5,1,2.46,0.1,1.83,1.94,0.87,0.61,0.47,0.59,-0.32,96,97,8,0,0,56.87,341.43,50.62,0
38,15,6,2.04,0.07,0,34,20,10,9,1,2.72,0.1,1.91,2.19,0.66,0.47,0.4,0.62,-0.31,112,116,4,1,0.6,53.24,244.93,0,0
40,15,6,2.23,0.07,1,33,12,8,7,1,2.06,0.06,1.02,1.66,0.5,0.48,0.59,0.67,-0.2,83,87,2,0,0.4,21.07,140.05,76.99,0
33,14,6,2.05,0.07,0,38,17,14,8,1,2.76,0.08,1.67,1.92,0.35,0.51,0.59,0.64,-0.08,80,84,2,0,0.4,11.24,57.8,93.64,0
24,13,6,2.55,0.08,0,32,20,14,7,1,2.98,0.09,1.02,2.07,0.8,0.58,0.53,0.63,-0.23,90,94,2,0,0.6,36.66,182.5,68.89,0
24,11,9,2.27,0.08,0,22,20,10,8,0,2.58,0.08,1.05,2.15,0.54,0.45,0.48,0.67,-0.05,0,5,0,0,0.4,14.12,53.4,90.82,1
23,14,5,2.78,0.07,1,39,17,9,8,0,2.92,0.08,1.03,1.79,0.77,0.59,0.53,0.71,-0.06,76,80,2,0,0,11.35,65.59,91.98,0
32,12,8,2.31,0.1,0,30,12,12,5,0,2.64,0.09,1.09,1.64,0.86,0.52,0.51,0.6,-0.28,82,85,4,0,0.6,11.04,102.51,88.83,0
24,15,8,3.01,0.08,0,38,12,12,7,0,3.04,0.09,1.03,1.84,0.12,0.42,0.48,0.73,-0.29,86,89,4,0,0.4,32.1,251.58,59.75,0
40,8,5,2.78,0.09,0,23,11,13,5,0,3.15,0.08,1.69,2.06,0.96,0.55,0.61,0.58,-0.44,86,87,10,1,0.2,11.9,225.31,76,0
27,9,7,3.09,0.07,0,30,12,8,7,1,2.07,0.06,2.03,2.11,0.11,0.41,0.66,0.77,-0.34,82,86,2,0,0,14.43,70.08,90.99,0
40,9,5,2.44,0.1,0,37,16,11,5,0,2.16,0.07,1.56,1.79,0.22,0.62,0.6,0.74,-0.38,85,89,2,0,0.4,21.37,86.26,87.83,0
31,9,7,2.96,0.08,0,32,12,13,7,1,2.59,0.06,1.36,1.8,0.66,0.45,0.52,0.51,-0.21,88,92,2,0,0.8,24.8,154.45,73.87,0
29,14,9,2.83,0.08,1,23,14,13,6,1,3.05,0.08,1.31,1.99,0.58,0.51,0.62,0.79,-0.31,91,93,6,0,0,26.68,256.04,60.94,0
27,13,9,2.02,0.08,1,31,18,15,6,0,3.07,0.07,1.16,2.03,0.2,0.49,0.56,0.75,-0.42,85,89,2,0,0,19.68,82.68,88.49,0
38,13,8,2.68,0.09,0,32,20,10,7,1,2.46,0.06,1.78,1.69,0.49,0.4,0.62,0.59,-0.19,90,94,2,0,0.8,26.87,182.52,68.39,0
35,8,6,2.51,0.07,1,35,16,8,9,1,2.11,0.08,1.94,2.24,0.23,0.59,0.48,0.76,-0.05,120,124,2,0,0,106.06,349.21,34.99,0
36,11,9,2.72,0.1,0,35,11,8,9,1,2.11,0.08,1.9,1.81,0.92,0.4,0.66,0.61,-0.01,160,163,4,0,0.6,9.68,78.21,92.97,0
24,15,6,2.73,0.06,1,30,16,9,6,0,3.12,0.08,1.66,2.45,0.45,0.46,0.62,0.55,-0.15,84,87,4,0,0.6,17.69,143.62,80.68,0
32,12,8,2.37,0.08,0,29,13,11,5,1,2.35,0.09,1.81,1.73,0.71,0.48,0.44,0.52,-0.32,83,85,8,0,0.4,9.65,155.1,85.67,0
36,9,8,2.5,0.09,1,34,16,8,8,0,2.55,0.09,1.25,1.74,0.57,0.58,0.44,0.62,-0.16,162,165,4,0,0.4,12.7,98.75,88.83,0
26,14,7,2.06,0.07,1,37,12,13,5,1,2.93,0.09,2.02,2.2,0.47,0.49,0.56,0.66,-0.01,81,85,2,0,0.2,12.27,82.6,88.49,0
34,12,7,2.77,0.07,0,21,11,15,6,1,2.06,0.07,1.02,1.7,0.26,0.56,0.51,0.52,-0.23,95,99,2,0,0.8,41.5,236.28,57.92,0
38,14,8,2.74,0.1,0,25,11,12,7,1,2.08,0.09,1.34,2.07,0.51,0.51,0.53,0.73,-0.18,111,113,6,0,0,48.1,318.42,0,0
26,13,9,2.19,0.09,0,36,12,13,9,1,2.32,0.1,1.53,1.97,0.67,0.42,0.5,0.8,-0.28,0,2,0,0,0,2668.37,22378.33,0,0
40,14,7,3.08,0.06,0,21,15,15,6,1,2.83,0.07,1.3,2.26,0.61,0.61,0.45,0.75,-0.44,79,83,2,0,0,14.49,63.35,92,0
37,14,8,2.69,0.08,1,25,17,10,9,0,3.09,0.07,1.37,1.62,0.42,0.49,0.41,0.59,-0.13,96,180,4,81,0.8,16.86,132.37,82.18,0
37,12,7,2.54,0.07,1,29,12,14,9,0,3.08,0.08,1.87,2.45,0.42,0.69,0.68,0.57,-0.16,120,124,2,0,0.8,170.36,756.48,8.95,0
27,11,8,2.39,0.09,0,31,20,12,6,0,2.05,0.07,1.92,1.77,0.7,0.61,0.43,0.65,-0.29,83,87,2,0,0.6,41.85,225.91,59.25,0
25,10,9,3.1,0.07,0,22,13,9,5,1,2.53,0.09,1.35,2.14,0.71,0.58,0.4,0.54,-0.41,244,244,10,0,0,7.68,164.55,87.83,0
32,12,9,2.51,0.07,0,28,12,11,6,1,2.63,0.1,2.01,2.46,0.16,0.6,0.65,0.59,-0.42,167,170,4,0,0.6,17.77,100.93,88.49,0
32,14,7,2.66,0.06,1,38,12,14,6,0,2.91,0.1,1.94,2.42,0.37,0.45,0.59,0.5,-0.15,161,164,4,0,0.6,13.88,118.93,84.68,0
21,13,8,2.9,0.08,1,24,13,13,5,0,2.24,0.06,1.8,2.28,0.08,0.61,0.55,0.67,-0.42,159,162,4,0,0.4,16.46,98.97,88.49,0
40,12,6,2.78,0.1,0,27,17,11,9,1,2.44,0.08,1.15,2.33,0.81,0.68,0.64,0.58,-0.49,173,176,4,0,0.6,16.06,97.98,89.2,0
31,8,9,2.89,0.09,1,40,16,9,7,0,2.79,0.1,1.7,2.11,0.44,0.42,0.56,0.59,-0.27,82,86,2,0,0.8,30.8,155.56,73.71,0
24,13,9,2.65,0.08,1,38,19,10,9,1,2.25,0.09,1.29,2.43,0.59,0.63,0.62,0.6,-0.2,162,165,4,0,0.6,15.06,116.95,84.84,0
34,15,5,2,0.07,1,32,14,10,8,1,3.08,0.09,1.37,1.61,0.79,0.56,0.5,0.52,-0.04,166,169,4,0,0.6,11.66,98.99,88.49,0
40,13,8,3.02,0.09,1,33,18,14,6,0,2.16,0.1,1.71,2.46,0.41,0.65,0.59,0.68,-0.37,91,95,2,0,0.6,16.19,72.46,90.99,0
29,9,8,2.92,0.09,1,22,17,14,6,1,2.38,0.07,1.14,1.92,0.77,0.61,0.64,0.78,-0.2,87,89,7,0,0,26.5,227.45,70.22,0
22,9,5,2.19,0.08,1,37,19,11,5,1,2.75,0.07,1.67,1.73,0.76,0.65,0.41,0.51,-0.1,80,84,2,0,0.8,17.61,120.37,80.68,0
30,9,9,2,0.08,0,27,17,13,7,1,2.39,0.06,1.37,1.97,0.32,0.65,0.49,0.51,-0.46,79,83,2,0,0.8,14.65,65.16,91.98,0
24,14,6,2.16,0.07,1,34,17,9,9,0,2.68,0.09,1.09,2.44,0.11,0.55,0.49,0.67,-0.13,162,165,4,0,0.2,11.99,90,90.48,0
32,8,8,2.57,0.07,1,23,15,11,5,0,2.88,0.08,1.94,2.19,0.59,0.55,0.61,0.67,0,80,84,2,0,0.2,11.51,79.57,88.83,0
36,10,6,2.01,0.09,1,24,16,15,5,1,3.15,0.09,1.87,1.82,0.53,0.44,0.59,0.77,-0.3,82,85,4,0,0,16.78,155.07,78.36,0
32,10,7,3.18,0.07,0,29,11,12,9,1,2.58,0.09,1.37,2.11,0.79,0.41,0.45,0.64,-0.48,93,97,2,0,0.8,25.59,96.9,85.97,0
25,8,9,2.22,0.06,1,24,14,11,6,0,2.11,0.06,1.21,1.94,0.98,0.5,0.56,0.76,-0.18,90,94,2,0,0,23.1,205.04,63.91,0
40,13,7,2.97,0.08,1,24,20,8,7,0,3.08,0.09,1.58,2.33,0.75,0.42,0.47,0.57,-0.05,317,318,8,0,0.2,4.59,114.67,91.98,0
25,8,5,2.09,0.08,0,32,19,9,8,1,2.93,0.09,1.78,2.43,0.81,0.6,0.54,0.76,-0.44,82,86,2,0,0,12.49,59.27,93.31,0
36,13,7,2.94,0.1,0,30,14,9,6,1,2.83,0.08,1.72,2.01,0.2,0.57,0.44,0.51,-0.43,83,86,4,0,0.6,13.78,89.78,91.65,0
32,14,9,2.91,0.09,0,23,14,11,6,1,3.09,0.06,2.06,1.6,0.33,0.47,0.53,0.73,-0.19,93,97,2,0,0,32.89,230.4,58.76,0
24,11,8,3.11,0.08,0,38,16,8,5,0,2.99,0.07,1.41,1.63,0.35,0.42,0.57,0.7,-0.03,161,164,4,0,0,10.36,91.48,89.82,0
37,14,6,2.87,0.1,0,34,14,9,6,0,3.08,0.09,1.66,1.7,0.3,0.64,0.42,0.69,-0.19,79,83,2,0,0.6,15.19,89.69,86.84,0
23,14,5,2.55,0.07,0,38,12,11,8,0,2.72,0.07,2.06,2.46,0.57,0.57,0.52,0.59,-0.34,91,95,2,0,0.8,33.63,123.54,80.35,0
36,8,6,2.44,0.08,0,40,20,12,9,0,2.48,0.07,1.2,1.68,0.56,0.56,0.5,0.78,-0.46,82,86,2,0,0,17.81,73.06,90.48,0
32,11,9,2.06,0.09,1,30,16,14,5,1,3.15,0.09,1.99,1.64,0.41,0.42,0.5,0.58,-0.01,159,162,4,0,0.6,10.63,92.58,89.82,0
28,11,6,2.44,0.07,1,31,11,15,9,1,2.71,0.08,1.09,1.66,0.44,0.45,0.47,0.67,-0.01,161,164,4,0,0.2,9.7,74.99,0,0
37,12,6,2.13,0.07,0,34,15,14,6,0,3.04,0.06,1.69,1.86,0.8,0.56,0.49,0.65,-0.21,83,87,2,0,0.6,20.25,128.48,79.36,0
32,12,7,2.26,0.08,0,36,13,10,9,0,2.06,0.09,1.45,2.34,0.96,0.57,0.45,0.61,-0.42,91,95,2,0,0.8,33.04,116.1,81.85,0
34,13,9,2.22,0.08,1,21,18,13,9,0,2.22,0.06,1.58,2.48,0.45,0.41,0.43,0.62,-0.1,80,86,2,2,0.6,19.83,142.02,76.53,0
28,13,8,2.47,0.06,1,40,20,12,5,0,2.15,0.1,1.79,2.45,0.95,0.42,0.58,0.73,-0.02,160,163,4,0,0.4,9.99,73.03,93.64,0
29,10,8,2.36,0.06,0,29,17,15,8,1,2.13,0.09,1.44,1.78,0.09,0.53,0.62,0.5,-0.47,79,83,2,0,0.8,14.15,62.72,92.31,0
21,12,9,2.76,0.08,1,37,20,9,7,1,2.14,0.09,1.39,1.95,0.49,0.65,0.49,0.64,-0.44,159,162,4,0,0.4,14.22,88.11,90.48,0
31,9,7,2.79,0.1,1,32,14,11,5,0,2.33,0.06,2.08,1.78,0.39,0.66,0.7,0.54,-0.43,80,84,2,0,0.8,12.02,57.71,93.84,0
25,9,5,2.94,0.1,0,38,14,10,5,1,2.2,0.09,1.59,1.81,0.31,0.55,0.53,0.56,-0.3,161,164,4,0,0.6,12.91,101.53,88,0
36,11,7,2.96,0.1,1,32,18,15,6,1,3.01,0.1,1.9,2.35,0.73,0.55,0.65,0.69,-0.27,88,92,2,0,0.2,26.52,138.75,77.19,0
14,4,4,1.77,0.02,0,16,9,5,3,1,1.32,0.03,0.92,0.9,0.05,0.24,0.23,0.33,-0.05,81,164,4,80,0.8,12.34,81.98,85.66,0
10,5,4,1.24,0.05,1,4,3,5,2,0,1.98,0.03,0.69,1.28,0.02,0.11,0.29,0.29,-0.08,0,5,0,0,1,14.31,44.26,87.62,1
2,5,1,0.58,0.03,1,20,9,6,3,0,1.22,0.02,0.77,0.9,0.01,0.18,0.15,0.35,-0.09,82,165,4,80,0.8,13.65,101.2,79.34,0
18,4,4,0.89,0.02,0,9,7,7,2,1,1.1,0.01,0.43,1.46,0.04,0.21,0.22,0.14,-0.11,3,9,0,1,1,17.77,86.7,73.32,1
16,5,3,1.48,0.04,1,2,7,5,4,1,0.37,0.03,0.89,1.36,0.01,0.19,0.23,0.18,-0.21,91,174,4,80,0.8,13.05,90.64,83.63,0
19,5,3,0.39,0.01,1,9,10,6,2,1,0.36,0.03,0.88,1.42,0.04,0.27,0.15,0.32,-0.14,0,5,0,0,1,17.25,76.88,76.46,1
14,4,4,1.38,0.05,0,1,10,6,4,0,0.41,0.02,0.35,0.94,0.02,0.22,0.29,0.19,-0.27,81,85,2,0,0.8,13.12,69.23,84.87,0
10,7,2,1.93,0.02,0,11,1,6,1,1,0.23,0.05,0.52,1.46,0.04,0.19,0.11,0.22,-0.21,4,87,2,79,1,19.7,119.98,67.13,0
6,6,1,0.76,0.04,1,18,4,5,2,1,0.57,0.05,0.87,0.83,0.01,0.3,0.11,0.27,-0.26,80,84,2,0,0.8,12.48,65.8,85.66,0
14,7,2,1.39,0.01,0,9,5,4,3,1,1.56,0.02,0.85,0.78,0.04,0.13,0.3,0.28,-0.17,8,13,4,2,0.8,20.11,191.93,54,0
9,4,1,1.94,0.02,0,10,4,4,1,0,0.88,0.04,0.59,1.49,0.02,0.23,0.29,0.13,-0.02,0,5,0,0,1,14.65,62.46,0,1
15,6,3,1.81,0.04,1,9,7,5,4,1,1.61,0.01,0.43,1.3,0.01,0.3,0.11,0.19,-0.28,0,5,0,0,1,14.64,53.63,84.73,1
18,5,4,1.07,0.02,0,6,8,7,1,1,0.33,0.03,0.8,0.83,0.02,0.25,0.19,0.28,-0.02,2,7,0,0,1,14.34,46.75,86.78,1
18,5,4,1.51,0.02,1,10,4,5,4,0,1.57,0.03,0.95,1.33,0.02,0.19,0.25,0.38,-0.1,2,7,0,0,1,14.59,47.64,86.48,1
16,4,2,1.29,0.02,1,9,5,4,1,0,0.37,0.05,0.24,0.82,0.02,0.16,0.21,0.38,-0.25,94,97,4,0,0.6,12.9,104.12,81.71,0
9,7,1,0.96,0.05,0,2,7,4,2,0,1.11,0.02,0.2,0.73,0.01,0.28,0.14,0.14,-0.2,0,5,0,0,1,14.77,53.93,84.29,1
9,6,2,1.26,0.02,0,7,6,6,1,1,0.78,0.03,0.61,0.61,0.04,0.13,0.29,0.16,-0.09,3,8,0,0,1,17.61,154.97,49.66,1
9,7,2,1.55,0.02,1,17,8,6,3,0,0.23,0.02,0.71,0.77,0.02,0.13,0.13,0.2,-0.15,91,95,2,0,0.8,16.22,104.45,72.99,0
19,6,2,0.78,0.02,1,5,8,4,2,0,1.21,0.02,0.44,1.02,0.02,0.24,0.25,0.35,-0.23,0,5,0,0,1,14.26,46.7,86.7,1
18,6,4,0.98,0.01,1,7,8,7,2,0,1.92,0.03,0.39,0.61,0.01,0.26,0.17,0.13,-0.15,2,7,0,0,1,15.18,61.83,81.63,1
18,7,4,0.83,0.04,0,2,2,4,3,0,0.32,0.02,0.64,0.63,0.05,0.26,0.12,0.14,-0.29,90,172,6,80,0.6,19.2,208.32,50.94,0
8,6,2,1.17,0.04,0,20,6,7,3,1,1.63,0.04,0.6,1.11,0.02,0.21,0.2,0.28,-0.07,80,84,2,0,0.8,11.78,61.18,87.23,0
1,7,1,1.51,0.04,1,16,4,7,4,1,0.96,0.04,0.11,0.66,0.05,0.14,0.27,0.18,-0.28,9,12,4,0,0.6,27.73,324.02,9.54,0
10,7,4,1.71,0.03,1,16,5,7,1,1,1.59,0.04,0.91,1.27,0.05,0.16,0.27,0.13,-0.01,81,164,4,80,0.8,12.73,118.93,72.99,0
8,6,3,0.79,0.01,0,12,9,7,3,0,0.3,0.01,0.43,1.5,0.04,0.18,0.29,0.17,-0.14,1,6,0,0,1,17.1,81.38,74.83,1
6,6,4,0.86,0.01,1,13,10,4,3,1,1.31,0.03,0.97,0.83,0.04,0.27,0.18,0.21,-0.06,81,85,2,0,0.8,12.93,66.9,85.66,0
11,5,4,0.38,0.02,1,16,3,5,4,1,1.54,0.04,0.22,0.91,0.02,0.23,0.24,0.26,-0.03,0,5,0,0,1,14.45,49.29,85.91,1
20,5,1,0.74,0.02,1,1,8,7,2,1,1.36,0.04,0.74,0.89,0.03,0.2,0.24,0.34,-0.06,1,6,0,0,1,14.35,52.46,84.79,1
4,5,3,1.05,0.04,0,10,5,7,3,1,0.31,0.03,0.98,1.45,0.04,0.19,0.28,0.25,-0.27,0,5,0,0,1,14.35,57.92,82.94,1
8,6,4,1.84,0.04,1,12,5,7,4,0,1.52,0.01,0.62,0.71,0.02,0.2,0.26,0.37,-0.29,1,6,0,0,1,16.26,71.78,78.17,1
7,4,3,1.9,0.02,1,15,2,7,2,1,1.91,0.05,0.3,0.73,0.03,0.11,0.19,0.4,-0.01,80,84,2,0,0.8,11.52,58.72,88.74,0
1,7,4,1,0.03,0,2,5,5,2,1,1.38,0.04,0.38,1.05,0.05,0.14,0.17,0.32,-0.01,86,88,8,0,0.4,7.95,226.44,52.52,0
14,5,3,0.58,0.02,1,4,3,7,2,0,0.63,0.01,0.71,0.57,0.05,0.1,0.23,0.33,-0.14,86,88,8,0,0.2,29.8,319.69,52.52,0
11,7,2,0.82,0.04,0,14,3,6,4,0,1.13,0.03,0.16,1.15,0.01,0.19,0.15,0.25,-0.11,0,5,0,0,1,14.53,46.01,87,1
11,4,1,1.33,0.03,0,15,1,5,2,1,1.94,0.03,0.36,1.14,0.01,0.23,0.22,0.33,-0.18,0,5,0,0,1,14.28,44.37,87.75,1
11,7,4,0.92,0.01,1,20,6,4,2,1,1.25,0.04,0.84,1.13,0.04,0.24,0.21,0.14,-0.23,82,86,2,0,0.8,12.65,70.58,84.79,0
9,5,2,1.62,0.03,0,12,7,5,4,1,0.78,0.05,0.29,0.79,0.03,0.25,0.28,0.31,-0.16,79,83,2,0,0.8,14.27,84.01,79.34,0
11,6,2,0.21,0.02,0,9,5,5,1,0,1.62,0.04,0.87,0.7,0.02,0.25,0.15,0.25,-0.27,89,93,2,0,0.8,16.9,113.18,69.88,0
6,6,2,0.91,0.01,1,16,8,6,4,1,1.42,0.03,0.42,0.82,0.04,0.13,0.29,0.17,-0.05,89,93,2,0,0.8,12.57,72.21,84.08,0
19,6,1,1.06,0.05,1,17,7,6,1,1,1.27,0.03,0.67,1.2,0.05,0.11,0.18,0.34,-0.2,162,243,6,79,0.6,23.5,197.99,51.73,0
14,5,2,0.87,0.03,0,19,9,7,4,1,0.87,0.01,0.33,1.13,0.04,0.3,0.21,0.14,-0.06,82,167,4,82,0.8,12.17,85.3,84.87,0
18,5,3,1.17,0.05,0,4,5,7,1,1,0.94,0.02,0.72,0.52,0.04,0.15,0.13,0.18,-0.08,82,167,4,82,0.4,24.09,423.73,84.87,0
6,5,1,1.24,0.02,1,2,2,7,3,0,0.83,0.03,0.34,0.76,0.03,0.11,0.13,0.16,-0.25,80,84,2,0,0.8,12.51,84.6,79.34,0
8,4,4,1.81,0.02,0,16,8,6,3,0,1.67,0.01,0.44,1.45,0.03,0.13,0.19,0.3,-0.03,0,5,0,0,1,14.33,44.71,87.27,1
18,7,4,1.13,0.04,1,3,2,6,2,0,1.83,0.03,0.93,0.66,0.02,0.11,0.28,0.18,-0.29,9,93,2,80,1,14.76,92.37,77.77,0
6,7,4,1.24,0.03,1,1,8,6,1,0,0.39,0.03,0.5,1.43,0.04,0.24,0.29,0.11,-0.09,82,165,4,80,0.8,12.18,102.18,78.89,0
9,7,2,1.83,0.02,0,1,7,7,2,0,0.68,0.02,0.16,1.33,0.04,0.11,0.14,0.28,-0.21,79,83,2,0,0.8,13.27,72.39,0,0
18,6,2,1.41,0.05,1,2,2,7,4,0,1.9,0.04,0.24,0.53,0.01,0.27,0.11,0.39,-0.17,82,165,4,80,0.8,12.66,78.71,86.98,0
14,6,4,0.81,0.05,0,2,8,7,4,1,1.74,0.04,0.22,1.05,0.04,0.13,0.11,0.22,-0.03,160,163,4,0,0.6,11.74,129.36,69.88,0
2,4,1,0.69,0.04,0,11,8,4,4,0,0.94,0.01,0.64,0.82,0.04,0.18,0.11,0.19,-0.18,2,7,0,0,1,23.13,129.11,58.47,1
4,7,4,1.56,0.03,1,8,2,6,4,0,1.02,0.02,0.62,0.57,0.02,0.16,0.13,0.11,-0.19,79,83,2,0,0.8,13.57,78.56,81.71,0
2,7,4,1.19,0.04,0,2,8,5,3,1,1.84,0.03,0.26,1.47,0.01,0.17,0.24,0.19,-0.15,5,10,0,0,1,15.21,54.79,84.33,1
4,6,1,0.78,0.02,1,10,9,7,1,0,0.88,0.03,0.18,1.46,0.03,0.26,0.22,0.13,-0.01,0,5,0,0,1,14.91,155.76,48.94,1
6,7,2,0.7,0.04,0,4,6,4,4,0,1.13,0.02,0.85,0.84,0.05,0.29,0.16,0.31,-0.25,6,9,4,0,0.6,19.75,169.5,61.96,0
16,6,1,0.2,0.05,0,17,9,7,3,1,0.71,0.04,0.28,0.87,0.01,0.18,0.2,0.2,-0.16,6,11,0,0,1,15.91,62.8,81.56,1
10,6,4,1,0.01,0,20,1,7,4,0,1.73,0.02,0.14,0.54,0.05,0.27,0.17,0.38,-0.13,1,6,0,0,1,19.45,100.33,68.26,1
6,5,4,0.47,0.03,0,3,1,6,1,0,1.52,0.05,0.35,0.84,0.03,0.26,0.14,0.34,-0.2,82,165,4,80,0.8,15.26,119.56,72.99,0
5,7,2,1.38,0.01,1,8,6,7,1,0,1.56,0.03,0.1,1.11,0.04,0.16,0.14,0.12,-0.23,0,5,0,0,1,21.08,114.68,63.55,1
12,7,4,0.88,0.01,1,13,10,5,1,1,1.36,0.04,0.3,0.95,0.03,0.2,0.22,0.38,-0.16,83,87,2,0,0.8,12.87,80.53,80.92,0
3,7,2,1.31,0.03,0,2,10,5,1,1,0.72,0.03,0.65,1.46,0.01,0.24,0.24,0.12,-0.21,104,108,2,0,0.8,15.92,92.89,77.88,0
5,5,1,0.69,0.02,0,17,1,6,1,0,1.66,0.04,0.47,1.13,0.03,0.26,0.26,0.29,-0.03,80,84,2,0,0.8,12.4,67.66,84.99,0
19,7,1,0.7,0.04,0,14,6,5,3,0,1.26,0.01,0.14,1.46,0.04,0.21,0.11,0.15,-0.12,7,9,6,0,0.6,29.2,309.56,23.29,0
10,6,4,1.35,0.02,1,20,9,4,1,1,1.5,0.02,0.63,1.11,0.02,0.19,0.16,0.34,-0.18,2,7,0,0,1,16.54,66.58,79.98,1
11,7,3,1.28,0.02,1,17,1,4,1,0,0.88,0.01,0.16,1.31,0.05,0.26,0.24,0.18,-0.29,0,5,0,0,1,17.2,89.07,72.17,1
15,6,2,1.24,0.01,0,15,3,4,3,1,0.59,0.04,0.79,1.34,0.02,0.3,0.19,0.21,-0.17,83,87,2,0,0.8,12.54,72.32,83.63,0
18,6,1,1.3,0.02,1,19,5,4,3,0,1.43,0.03,0.47,0.53,0.04,0.22,0.16,0.4,-0.01,158,161,4,0,0.6,9.67,76.3,87.98,0
4,4,3,1.95,0.03,1,11,5,6,3,1,1.16,0.01,0.74,1.45,0.01,0.16,0.13,0.39,-0.17,0,5,0,0,1,14.22,43.56,87.73,1
1,5,3,0.3,0.01,1,10,6,4,4,0,0.58,0.03,0.81,0.61,0.02,0.22,0.11,0.21,-0.18,1,6,0,0,1,15.05,58.71,82.64,1
18,4,1,1.66,0.02,0,11,6,5,3,0,1.96,0.02,0.15,0.96,0.02,0.27,0.2,0.27,-0.2,86,90,2,0,0.8,13.24,67.41,85.66,0
11,5,4,0.91,0.04,1,20,3,6,3,1,1.17,0.04,0.1,0.57,0.03,0.24,0.19,0.37,-0.2,0,5,0,0,1,14.97,57.91,82.8,1
14,4,4,1.45,0.03,1,8,1,4,4,0,0.7,0.03,0.9,0.59,0.03,0.17,0.19,0.33,-0.15,0,5,0,0,1,15.4,58.58,82.77,1
9,7,3,0.4,0.04,1,5,4,6,1,1,0.56,0.04,0.61,0.91,0.04,0.27,0.1,0.3,-0.01,82,86,2,0,0.8,12.92,73.59,83.29,0
5,6,1,0.89,0.03,1,1,9,7,3,0,1.71,0.05,0.3,0.78,0.03,0.16,0.28,0.39,-0.12,159,162,4,0,0.6,9.4,73.43,88.81,0
14,6,2,0.79,0.04,0,12,5,5,2,1,1.44,0.03,0.63,0.77,0.04,0.23,0.21,0.24,-0.19,4,9,0,0,1,36.19,217.58,28.31,1
4,5,1,1.69,0.03,0,6,4,4,3,0,1.65,0.04,0.65,1.1,0.04,0.13,0.13,0.19,-0.29,4,9,0,0,1,14.73,65.07,80.73,1
10,6,1,0.47,0.04,0,5,8,4,3,0,1.54,0.02,0.97,0.68,0.05,0.3,0.21,0.27,-0.08,85,88,6,1,0.6,13.72,194.7,54.88,0
19,5,3,1.49,0.03,1,5,9,6,3,1,1.15,0.02,0.13,0.86,0.04,0.13,0.29,0.24,-0.17,239,241,6,0,0.4,12.67,132.66,0,0
4,6,4,1.61,0.05,0,2,2,4,4,0,0.89,0.02,0.31,0.63,0.03,0.23,0.3,0.24,-0.02,239,241,6,0,0.6,18.9,361.38,0,0
10,6,1,1.52,0.04,1,5,8,5,4,1,0.58,0.02,0.91,1.23,0.02,0.25,0.12,0.23,-0.06,0,84,2,80,1,14.44,64.6,86.18,0
10,6,4,1.61,0.03,1,1,10,5,1,1,1.16,0.03,0.74,1.45,0.02,0.26,0.22,0.24,-0.13,163,166,4,0,0.6,10.55,72.61,89.6,0
11,4,3,0.62,0.02,0,18,9,5,4,0,1.14,0.04,0.42,0.85,0.02,0.17,0.21,0.2,-0.2,7,12,0,0,1,16.54,73.96,77.95,1
4,5,4,1.86,0.04,0,14,5,7,2,1,0.82,0.04,0.49,0.68,0.04,0.17,0.23,0.12,-0.17,3,5,6,0,0.4,21.84,195.6,60.45,0
19,5,4,1.25,0.03,1,4,9,6,2,1,1.67,0.04,0.81,0.74,0.04,0.14,0.12,0.29,-0.26,3,5,6,0,0.6,56.76,625.9,60.45,0
9,5,3,0.34,0.04,1,6,6,5,4,1,1.81,0.04,0.65,1.37,0.03,0.17,0.22,0.24,-0.1,79,83,2,0,0.8,12.99,70.88,83.84,0
17,5,1,0.66,0.02,0,12,9,6,4,0,1.72,0.02,0.68,0.88,0.03,0.12,0.11,0.35,-0.23,0,5,0,0,1,14.25,50.53,85.55,1
6,5,1,1,0.01,1,16,10,4,3,0,1.81,0.03,0.98,0.58,0.03,0.2,0.27,0.18,-0.24,13,18,0,0,1,17.06,109.22,65.81,1
2,5,1,1.79,0.03,0,17,2,7,4,1,1.88,0.03,0.66,0.58,0.03,0.18,0.18,0.31,-0.15,0,5,0,0,1,29.22,174.73,42.89,1
10,7,1,0.88,0.03,1,5,9,7,2,0,0.42,0.02,0.51,0.63,0.02,0.3,0.3,0.32,-0.02,2,7,0,0,1,14.32,47.66,86.91,1
4,7,4,1.74,0.05,1,4,3,7,1,1,1.63,0.05,0.98,0.76,0.03,0.13,0.21,0.36,-0.16,2,7,0,0,0.4,145.89,1240.42,86.91,1
14,4,3,0.29,0.02,1,19,7,7,3,1,0.65,0.04,0.45,1.4,0.03,0.13,0.15,0.25,-0.2,85,89,2,0,0.8,15.92,105.88,72.95,0
9,5,3,0.34,0.03,1,19,5,4,1,0,1.56,0.04,0.54,1.5,0.01,0.22,0.16,0.11,-0.28,1,6,0,0,1,14.51,58.71,82.78,1
20,5,1,1.63,0.05,0,9,6,7,1,1,0.42,0.04,0.7,0.63,0.04,0.23,0.18,0.38,-0.18,83,166,4,80,0.8,15.26,114.88,74.61,0
4,5,3,0.79,0.05,0,18,6,7,4,0,1.87,0.04,0.14,0.99,0.02,0.3,0.24,0.36,-0.17,80,84,2,0,0.8,12.4,69.01,84.87,0
10,6,3,1.29,0.04,0,12,6,6,4,0,0.89,0.04,0.43,1.22,0.02,0.16,0.16,0.22,-0.29,0,5,0,0,1,18.55,97.48,69.4,1
7,7,2,0.64,0.03,0,7,8,5,4,1,1.25,0.05,0.97,1.35,0.03,0.22,0.21,0.27,-0.2,158,161,4,0,0.6,12.88,95.29,80.99,0
19,4,2,1.92,0.01,1,19,8,4,2,0,0.73,0.04,0.5,1.03,0.03,0.14,0.2,0.32,-0.12,8,13,0,0,1,22.81,131.2,58.18,1
19,6,4,1.08,0.02,0,5,7,5,4,1,0.95,0.04,0.83,1.36,0.01,0.16,0.12,0.39,-0.03,1,6,0,0,1,14.23,42.79,88.13,1
13,5,4,1.36,0.04,0,8,1,7,3,0,1.52,0.03,0.99,1.09,0.02,0.17,0.25,0.29,-0.13,3,6,4,0,0.8,15.02,108,82.55,0
1,7,2,1.05,0.02,0,12,8,7,4,1,1.3,0.01,0.82,0.74,0.02,0.11,0.28,0.21,-0.24,96,98,6,0,0.6,15.03,155.64,72.99,0
1,5,3,1.05,0.05,0,1,6,5,3,1,1.21,0.03,0.41,0.54,0.02,0.18,0.22,0.21,-0.05,96,98,6,0,0.2,12.1,336.89,72.99,0
1,5,3,1.05,0.05,0,1,6,5,3,1,1.21,0.03,0.41,0.54,0.02,0.18,0.22,0.21,-0.05,320,348,10,28,0.2,12.1,336.89,15.97,0
